-- MySQL dump 10.13  Distrib 8.0.31, for Win64 (x86_64)
--
-- Host: localhost    Database: ecommerce
-- ------------------------------------------------------
-- Server version	8.0.31

/*!40101 SET @OLD_CHARACTER_SET_CLIENT=@@CHARACTER_SET_CLIENT */;
/*!40101 SET @OLD_CHARACTER_SET_RESULTS=@@CHARACTER_SET_RESULTS */;
/*!40101 SET @OLD_COLLATION_CONNECTION=@@COLLATION_CONNECTION */;
/*!50503 SET NAMES utf8 */;
/*!40103 SET @OLD_TIME_ZONE=@@TIME_ZONE */;
/*!40103 SET TIME_ZONE='+00:00' */;
/*!40014 SET @OLD_UNIQUE_CHECKS=@@UNIQUE_CHECKS, UNIQUE_CHECKS=0 */;
/*!40014 SET @OLD_FOREIGN_KEY_CHECKS=@@FOREIGN_KEY_CHECKS, FOREIGN_KEY_CHECKS=0 */;
/*!40101 SET @OLD_SQL_MODE=@@SQL_MODE, SQL_MODE='NO_AUTO_VALUE_ON_ZERO' */;
/*!40111 SET @OLD_SQL_NOTES=@@SQL_NOTES, SQL_NOTES=0 */;

--
-- Current Database: `ecommerce`
--

CREATE DATABASE /*!32312 IF NOT EXISTS*/ `ecommerce` /*!40100 DEFAULT CHARACTER SET utf8mb4 COLLATE utf8mb4_0900_ai_ci */ /*!80016 DEFAULT ENCRYPTION='N' */;

USE `ecommerce`;

--
-- Table structure for table `orders`
--

DROP TABLE IF EXISTS `orders`;
/*!40101 SET @saved_cs_client     = @@character_set_client */;
/*!50503 SET character_set_client = utf8mb4 */;
CREATE TABLE `orders` (
  `o_id` int NOT NULL AUTO_INCREMENT,
  `p_id` int NOT NULL,
  `u_id` int NOT NULL,
  `o_quantity` int NOT NULL,
  `o_date` varchar(450) NOT NULL,
  PRIMARY KEY (`o_id`)
) ENGINE=InnoDB DEFAULT CHARSET=utf8mb4 COLLATE=utf8mb4_0900_ai_ci;
/*!40101 SET character_set_client = @saved_cs_client */;

--
-- Dumping data for table `orders`
--

LOCK TABLES `orders` WRITE;
/*!40000 ALTER TABLE `orders` DISABLE KEYS */;
/*!40000 ALTER TABLE `orders` ENABLE KEYS */;
UNLOCK TABLES;

--
-- Table structure for table `products`
--

DROP TABLE IF EXISTS `products`;
/*!40101 SET @saved_cs_client     = @@character_set_client */;
/*!50503 SET character_set_client = utf8mb4 */;
CREATE TABLE `products` (
  `id` int NOT NULL AUTO_INCREMENT,
  `name` varchar(450) NOT NULL,
  `category` varchar(450) NOT NULL,
  `price` double NOT NULL,
  `image` varchar(450) NOT NULL,
  PRIMARY KEY (`id`)
) ENGINE=InnoDB DEFAULT CHARSET=utf8mb4 COLLATE=utf8mb4_0900_ai_ci;
/*!40101 SET character_set_client = @saved_cs_client */;

--
-- Dumping data for table `products`
--

LOCK TABLES `products` WRITE;
/*!40000 ALTER TABLE `products` DISABLE KEYS */;
/*!40000 ALTER TABLE `products` ENABLE KEYS */;
UNLOCK TABLES;

--
-- Table structure for table `users`
--

DROP TABLE IF EXISTS `users`;
/*!40101 SET @saved_cs_client     = @@character_set_client */;
/*!50503 SET character_set_client = utf8mb4 */;
CREATE TABLE `users` (
  `id` int NOT NULL AUTO_INCREMENT,
  `name` varchar(250) NOT NULL,
  `email` varchar(250) NOT NULL,
  `password` varchar(250) NOT NULL,
  PRIMARY KEY (`id`),
  UNIQUE KEY `email_UNIQUE` (`email`)
) ENGINE=InnoDB AUTO_INCREMENT=2 DEFAULT CHARSET=utf8mb4 COLLATE=utf8mb4_0900_ai_ci;
/*!40101 SET character_set_client = @saved_cs_client */;

--
-- Dumping data for table `users`
--

LOCK TABLES `users` WRITE;
/*!40000 ALTER TABLE `users` DISABLE KEYS */;
INSERT INTO `users` VALUES (1,'Arun Yadav','yadavaarun01@gmail.com ','12345678');
/*!40000 ALTER TABLE `users` ENABLE KEYS */;
UNLOCK TABLES;

--
-- Current Database: `ecommerce_cart`
--

CREATE DATABASE /*!32312 IF NOT EXISTS*/ `ecommerce_cart` /*!40100 DEFAULT CHARACTER SET utf8mb4 COLLATE utf8mb4_0900_ai_ci */ /*!80016 DEFAULT ENCRYPTION='N' */;

USE `ecommerce_cart`;

--
-- Table structure for table `category`
--

DROP TABLE IF EXISTS `category`;
/*!40101 SET @saved_cs_client     = @@character_set_client */;
/*!50503 SET character_set_client = utf8mb4 */;
CREATE TABLE `category` (
  `categoryId` int NOT NULL AUTO_INCREMENT,
  `title` varchar(45) NOT NULL,
  `description` varchar(100) NOT NULL,
  `usersId` int DEFAULT NULL,
  PRIMARY KEY (`categoryId`),
  KEY `usersId_idx` (`usersId`),
  CONSTRAINT `usersId` FOREIGN KEY (`usersId`) REFERENCES `users` (`id`) ON DELETE CASCADE ON UPDATE CASCADE
) ENGINE=InnoDB AUTO_INCREMENT=21 DEFAULT CHARSET=utf8mb4 COLLATE=utf8mb4_0900_ai_ci;
/*!40101 SET character_set_client = @saved_cs_client */;

--
-- Dumping data for table `category`
--

LOCK TABLES `category` WRITE;
/*!40000 ALTER TABLE `category` DISABLE KEYS */;
INSERT INTO `category` VALUES (15,'Cold Drink','A soft Drink is a Drink that usually Contains Water..',NULL),(16,'Kfc Chickens','Our Original product is Pressure Fried Chicken..',NULL),(17,'Chicken burgers','We are Are the second largest fast food hamburger chain in the world.. ',NULL),(18,'ColdDrink with Chicken Burger','We Provide both Cold Drink and chicken Burger with special offers..',NULL),(19,'Subway Sandwich','We are committed to customer Satisfaction...',NULL),(20,'StarBucks Coffees','We are committed to customer Satisfaction',NULL);
/*!40000 ALTER TABLE `category` ENABLE KEYS */;
UNLOCK TABLES;

--
-- Table structure for table `orders`
--

DROP TABLE IF EXISTS `orders`;
/*!40101 SET @saved_cs_client     = @@character_set_client */;
/*!50503 SET character_set_client = utf8mb4 */;
CREATE TABLE `orders` (
  `o_id` int NOT NULL AUTO_INCREMENT,
  `p_id` int NOT NULL,
  `u_id` int NOT NULL,
  `o_quantity` int NOT NULL,
  `o_date` timestamp(6) NOT NULL,
  PRIMARY KEY (`o_id`)
) ENGINE=InnoDB AUTO_INCREMENT=27 DEFAULT CHARSET=utf8mb4 COLLATE=utf8mb4_0900_ai_ci;
/*!40101 SET character_set_client = @saved_cs_client */;

--
-- Dumping data for table `orders`
--

LOCK TABLES `orders` WRITE;
/*!40000 ALTER TABLE `orders` DISABLE KEYS */;
/*!40000 ALTER TABLE `orders` ENABLE KEYS */;
UNLOCK TABLES;

--
-- Table structure for table `product`
--

DROP TABLE IF EXISTS `product`;
/*!40101 SET @saved_cs_client     = @@character_set_client */;
/*!50503 SET character_set_client = utf8mb4 */;
CREATE TABLE `product` (
  `id` int NOT NULL AUTO_INCREMENT,
  `name` varchar(50) NOT NULL,
  `description` varchar(100) NOT NULL,
  `price` int NOT NULL,
  `discount` int DEFAULT NULL,
  `quantity` int DEFAULT NULL,
  `image` varchar(30) NOT NULL,
  `catId` int NOT NULL,
  `userId` int DEFAULT NULL,
  PRIMARY KEY (`id`),
  KEY `product_ibfk_1` (`catId`),
  KEY `uderId_idx` (`userId`),
  CONSTRAINT `product_ibfk_1` FOREIGN KEY (`catId`) REFERENCES `category` (`categoryId`),
  CONSTRAINT `uderId` FOREIGN KEY (`userId`) REFERENCES `users` (`id`)
) ENGINE=InnoDB AUTO_INCREMENT=27 DEFAULT CHARSET=utf8mb4 COLLATE=utf8mb4_0900_ai_ci;
/*!40101 SET character_set_client = @saved_cs_client */;

--
-- Dumping data for table `product`
--

LOCK TABLES `product` WRITE;
/*!40000 ALTER TABLE `product` DISABLE KEYS */;
INSERT INTO `product` VALUES (10,'Berry Swril','Hot & Iced Berry Swril',225,10,100,'berryswirl.png',20,NULL),(11,'Vanilla Sweet','Hot Vanilla Chocolate ice Sweet',250,10,100,'vanillaSweet.png',20,NULL),(12,'Purple Frappuccino','Sweet and Delicious Frappuccino Shake',300,10,100,'purpleFrapp.jpg',20,NULL),(13,'Mocha coffee','Frappuccino Mocha White Coffee',325,10,100,'mocha.jpg',20,NULL),(14,'Crispy Sandwich','Pure Veg with Fresh Green Vegetables',190,12,80,'vegsubwaysand.jpg',19,NULL),(15,'Creme egg','Max with 6-inches Sandwich',340,12,89,'subwaycremegg.jpg',19,NULL),(16,'Chicken Teriyaki','Served hot & toasted on Freshly blacked bread',360,12,60,'subwaysandwich.jpg',19,NULL),(17,'Steak & Cheese','Slices of hot,tender,juicy Steck',280,12,80,'subwaySteakCali.jpg',19,NULL),(18,'Pepsi ','Create more smiles with every sip',70,5,120,'pepsi.jpg',15,NULL),(19,'Mirinda','Create more smiles with every sip and Every Bite.',60,5,150,'mirinda can 330 ml.jpg',15,NULL),(20,'7Up','Every Sip its create joy full Moments',70,5,160,'7 up can 330 ml.jpg',15,NULL),(21,'Pepsi & Peri peri ','Combo Meal with Pepsi and Peri Peri',450,15,112,'peri peri 5 leg pc meal.jpg',18,NULL),(22,'Chicken Briyani Combo','Pepsi, Peri Peri with Chicken',750,15,46,'chicken biryani combo.jpg',18,NULL),(23,'Chicken with Fries','Peri Peri Chicken With Fresh Fries Bucket',450,15,90,'chicken and fries bucket.jpg',16,NULL),(24,'Chicken Bucket','Spicy Chicken With Combo ',520,15,56,'',16,NULL),(25,'Chicken bucket','All Chicken in Single bucket',490,15,50,'Box Meals.jpg',16,NULL),(26,'Fries Potato','Starters ',40,12,100,'Menu 1.jpg',18,NULL);
/*!40000 ALTER TABLE `product` ENABLE KEYS */;
UNLOCK TABLES;

--
-- Table structure for table `users`
--

DROP TABLE IF EXISTS `users`;
/*!40101 SET @saved_cs_client     = @@character_set_client */;
/*!50503 SET character_set_client = utf8mb4 */;
CREATE TABLE `users` (
  `id` int NOT NULL AUTO_INCREMENT,
  `name` varchar(250) NOT NULL,
  `email` varchar(250) NOT NULL,
  `password` varchar(250) NOT NULL,
  `utype` varchar(252) NOT NULL,
  `img` varchar(100) DEFAULT 'default.png',
  PRIMARY KEY (`id`),
  UNIQUE KEY `email_UNIQUE` (`email`)
) ENGINE=InnoDB AUTO_INCREMENT=14 DEFAULT CHARSET=utf8mb4 COLLATE=utf8mb4_0900_ai_ci;
/*!40101 SET character_set_client = @saved_cs_client */;

--
-- Dumping data for table `users`
--

LOCK TABLES `users` WRITE;
/*!40000 ALTER TABLE `users` DISABLE KEYS */;
INSERT INTO `users` VALUES (6,'KFC','kfc@gmail.com','1234567','admin','Kfclogo.png'),(7,'Bipin Gupta','bipingupta01@gmail.com','123456','normal',NULL),(8,'Arun yadav','arya1@gmail.com','123456','normal','profile2.png'),(9,'Starbucks','starbucks@gmail.com','1234567','admin','starbucks.png'),(10,'Abhi','abhi@gmail.com','123456','normal','profile1.png'),(11,'Burger King','burgerking@gmail.com','1234567','admin','burgerking.png'),(12,'SubWay','subway@gmail.com','123567','admin','subway.png'),(13,'Arun','arun@gmail.com','123456','normal','profile1.png');
/*!40000 ALTER TABLE `users` ENABLE KEYS */;
UNLOCK TABLES;

--
-- Current Database: `ltew`
--

CREATE DATABASE /*!32312 IF NOT EXISTS*/ `ltew` /*!40100 DEFAULT CHARACTER SET utf8mb4 COLLATE utf8mb4_0900_ai_ci */ /*!80016 DEFAULT ENCRYPTION='N' */;

USE `ltew`;

--
-- Table structure for table `tbladmin`
--

DROP TABLE IF EXISTS `tbladmin`;
/*!40101 SET @saved_cs_client     = @@character_set_client */;
/*!50503 SET character_set_client = utf8mb4 */;
CREATE TABLE `tbladmin` (
  `id` bigint NOT NULL AUTO_INCREMENT,
  `added_date` datetime NOT NULL,
  `email` varchar(100) NOT NULL,
  `password` varchar(100) NOT NULL,
  `name` varchar(100) NOT NULL,
  PRIMARY KEY (`id`)
) ENGINE=InnoDB AUTO_INCREMENT=2 DEFAULT CHARSET=utf8mb4 COLLATE=utf8mb4_0900_ai_ci;
/*!40101 SET character_set_client = @saved_cs_client */;

--
-- Dumping data for table `tbladmin`
--

LOCK TABLES `tbladmin` WRITE;
/*!40000 ALTER TABLE `tbladmin` DISABLE KEYS */;
INSERT INTO `tbladmin` VALUES (1,'2023-03-01 00:00:00','jumbo@gmail.com','12345678','JumboKing');
/*!40000 ALTER TABLE `tbladmin` ENABLE KEYS */;
UNLOCK TABLES;

--
-- Table structure for table `tblcart`
--

DROP TABLE IF EXISTS `tblcart`;
/*!40101 SET @saved_cs_client     = @@character_set_client */;
/*!50503 SET character_set_client = utf8mb4 */;
CREATE TABLE `tblcart` (
  `id` bigint NOT NULL AUTO_INCREMENT,
  `discount_price` varchar(200) DEFAULT NULL,
  `quantity` int NOT NULL,
  `total_price` varchar(200) DEFAULT NULL,
  `customer_id` bigint NOT NULL,
  `product_id` bigint NOT NULL,
  `mrp_price` varchar(200) DEFAULT NULL,
  PRIMARY KEY (`id`)
) ENGINE=InnoDB DEFAULT CHARSET=utf8mb4 COLLATE=utf8mb4_0900_ai_ci;
/*!40101 SET character_set_client = @saved_cs_client */;

--
-- Dumping data for table `tblcart`
--

LOCK TABLES `tblcart` WRITE;
/*!40000 ALTER TABLE `tblcart` DISABLE KEYS */;
/*!40000 ALTER TABLE `tblcart` ENABLE KEYS */;
UNLOCK TABLES;

--
-- Table structure for table `tblcustomer`
--

DROP TABLE IF EXISTS `tblcustomer`;
/*!40101 SET @saved_cs_client     = @@character_set_client */;
/*!50503 SET character_set_client = utf8mb4 */;
CREATE TABLE `tblcustomer` (
  `id` int NOT NULL AUTO_INCREMENT,
  `address` varchar(255) NOT NULL,
  `added_date` timestamp NULL DEFAULT CURRENT_TIMESTAMP,
  `email` varchar(45) NOT NULL,
  `gender` varchar(6) NOT NULL,
  `name` varchar(50) NOT NULL,
  `password` varchar(60) NOT NULL,
  `phone` varchar(200) NOT NULL,
  `pin_code` varchar(255) NOT NULL,
  PRIMARY KEY (`id`)
) ENGINE=InnoDB AUTO_INCREMENT=2 DEFAULT CHARSET=utf8mb4 COLLATE=utf8mb4_0900_ai_ci;
/*!40101 SET character_set_client = @saved_cs_client */;

--
-- Dumping data for table `tblcustomer`
--

LOCK TABLES `tblcustomer` WRITE;
/*!40000 ALTER TABLE `tblcustomer` DISABLE KEYS */;
INSERT INTO `tblcustomer` VALUES (1,'A/103 Varad Vinayak Apt, vinayak nagar','2023-03-01 15:37:04','yadavaarun01@gmail.com','Male','Arun yadav','12345678','7841039710','401209');
/*!40000 ALTER TABLE `tblcustomer` ENABLE KEYS */;
UNLOCK TABLES;

--
-- Table structure for table `tblorders`
--

DROP TABLE IF EXISTS `tblorders`;
/*!40101 SET @saved_cs_client     = @@character_set_client */;
/*!50503 SET character_set_client = utf8mb4 */;
CREATE TABLE `tblorders` (
  `id` int NOT NULL AUTO_INCREMENT,
  `order_no` int DEFAULT NULL,
  `customer_name` varchar(200) DEFAULT NULL,
  `mobile_number` varchar(100) DEFAULT NULL,
  `email_id` varchar(100) DEFAULT NULL,
  `address` varchar(400) DEFAULT NULL,
  `address_type` varchar(100) DEFAULT NULL,
  `pincode` varchar(100) DEFAULT NULL,
  `image` varchar(200) DEFAULT NULL,
  `product_name` varchar(400) DEFAULT NULL,
  `quantity` int DEFAULT NULL,
  `product_price` varchar(100) DEFAULT NULL,
  `product_selling_price` varchar(100) DEFAULT NULL,
  `product_total_price` varchar(100) DEFAULT NULL,
  `order_status` varchar(100) DEFAULT NULL,
  `order_date` timestamp NULL DEFAULT CURRENT_TIMESTAMP,
  `payment_mode` varchar(100) DEFAULT NULL,
  `payment_id` int DEFAULT NULL,
  PRIMARY KEY (`id`)
) ENGINE=InnoDB DEFAULT CHARSET=utf8mb4 COLLATE=utf8mb4_0900_ai_ci;
/*!40101 SET character_set_client = @saved_cs_client */;

--
-- Dumping data for table `tblorders`
--

LOCK TABLES `tblorders` WRITE;
/*!40000 ALTER TABLE `tblorders` DISABLE KEYS */;
/*!40000 ALTER TABLE `tblorders` ENABLE KEYS */;
UNLOCK TABLES;

--
-- Table structure for table `tblproduct`
--

DROP TABLE IF EXISTS `tblproduct`;
/*!40101 SET @saved_cs_client     = @@character_set_client */;
/*!50503 SET character_set_client = utf8mb4 */;
CREATE TABLE `tblproduct` (
  `id` bigint NOT NULL AUTO_INCREMENT,
  `active` varchar(100) DEFAULT NULL,
  `code` varchar(5) DEFAULT NULL,
  `create_date` timestamp NOT NULL DEFAULT CURRENT_TIMESTAMP,
  `description` varchar(255) DEFAULT NULL,
  `image` varchar(100) DEFAULT NULL,
  `image_name` varchar(400) DEFAULT NULL,
  `name` varchar(30) DEFAULT NULL,
  `price` varchar(200) DEFAULT NULL,
  `mrp_price` varchar(200) DEFAULT NULL,
  `product_category` varchar(100) DEFAULT NULL,
  PRIMARY KEY (`id`)
) ENGINE=InnoDB DEFAULT CHARSET=utf8mb4 COLLATE=utf8mb4_0900_ai_ci;
/*!40101 SET character_set_client = @saved_cs_client */;

--
-- Dumping data for table `tblproduct`
--

LOCK TABLES `tblproduct` WRITE;
/*!40000 ALTER TABLE `tblproduct` DISABLE KEYS */;
/*!40000 ALTER TABLE `tblproduct` ENABLE KEYS */;
UNLOCK TABLES;
/*!40103 SET TIME_ZONE=@OLD_TIME_ZONE */;

/*!40101 SET SQL_MODE=@OLD_SQL_MODE */;
/*!40014 SET FOREIGN_KEY_CHECKS=@OLD_FOREIGN_KEY_CHECKS */;
/*!40014 SET UNIQUE_CHECKS=@OLD_UNIQUE_CHECKS */;
/*!40101 SET CHARACTER_SET_CLIENT=@OLD_CHARACTER_SET_CLIENT */;
/*!40101 SET CHARACTER_SET_RESULTS=@OLD_CHARACTER_SET_RESULTS */;
/*!40101 SET COLLATION_CONNECTION=@OLD_COLLATION_CONNECTION */;
/*!40111 SET SQL_NOTES=@OLD_SQL_NOTES */;

-- Dump completed on 2023-04-26 21:41:00
